image,background_pixels,background_percent,phigh_pixels,phigh_percent,pminus_pixels,pminus_percent,total_bacteria_pixels,bacteria_percent,dominant_phenotype,phenotype_confidence,mean_confidence,processing_time_seconds
B3_Ci-A04-2_9092_08022024_1000.tif,4135754,82.07737165320327,745912,14.80322486409592,157182,3.119403482700808,903094,17.922628346796728,Phigh (Cording),0.8259516728048152,0.8613056,2.991096
G4_Ci-A04-2_9215_08022024_1121.tif,4915333,97.54874526875984,99247,1.9696367106132195,24268,0.4816180206269369,123515,2.4512547312401565,Phigh (Cording),0.803521839452633,0.89884377,1.992433
B3_Ci-A04-2_9090_08022024_0959.tif,4579083,90.87559299268403,303521,6.023618890667073,156244,3.100788116648885,459765,9.124407007315959,Phigh (Cording),0.6601655193413883,0.88326806,1.887194
B3_Ci-A04-2_9091_08022024_0959.tif,4278802,84.9162745135396,614196,12.189214677640603,145850,2.8945108088197937,760046,15.083725486460397,Phigh (Cording),0.808103720037987,0.8760356,1.928475
G4_Ci-A04-2_9213_08022024_1118.tif,4635967,92.00450182263883,300003,5.953801345069349,102878,2.0416968322918256,402881,7.995498177361175,Phigh (Cording),0.7446442001484124,0.8869935,1.864072
G4_Ci-A04-2_9214_08022024_1120.tif,4647660,92.23655883249504,315134,6.2540882360412535,76054,1.5093529314636998,391188,7.763441167504953,Phigh (Cording),0.8055819708170802,0.8879965,1.907566
F6_Ci-A04-2_9195_08022024_1107.tif,4530938,89.92011666158614,396249,7.863880791800031,111661,2.216002546613829,507910,10.07988333841386,Phigh (Cording),0.7801559331377452,0.88133913,2.74024
F6_Ci-A04-2_9196_08022024_1108.tif,4595472,91.20084590763604,353250,7.010530978509373,90126,1.7886231138545954,443376,8.799154092363969,Phigh (Cording),0.7967278337122262,0.88705134,2.315383
F6_Ci-A04-2_9197_08022024_1108.tif,4830374,95.86266543463903,137634,2.7314576665142507,70840,1.4058768988467205,208474,4.137334565360971,Phigh (Cording),0.6601974346920642,0.89816135,2.00285
