image,background_pixels,background_percent,phigh_pixels,phigh_percent,pminus_pixels,pminus_percent,total_bacteria_pixels,bacteria_percent,dominant_phenotype,phenotype_confidence,mean_confidence,processing_time_seconds
G6_Ci-A04-3_9220_08022024_1125.tif,4243429,84.21426881699944,120446,2.390347952547884,674973,13.395383230452676,795419,15.78573118300056,Pminus (Non-cording),0.8485754049123688,0.87236917,1.931396
G6_Ci-A04-3_9219_08022024_1124.tif,4879931,96.84616404384494,20055,0.39800763984148757,138862,2.75582831631357,158917,3.1538359561550577,Pminus (Non-cording),0.8738020476097035,0.8995073,1.964054
F4_Ci-A04-3_9191_08022024_1105.tif,4921650,97.67411122542296,43894,0.8711118096834832,73304,1.454776964893563,117198,2.325888774577046,Pminus (Non-cording),0.6254714244269847,0.9004994,1.92314
F4_Ci-A04-3_9190_08022024_1104.tif,4739819,94.06552846999949,79320,1.5741693339429965,219709,4.3603021960575115,299029,5.934471530000508,Pminus (Non-cording),0.7347414464817548,0.889693,2.444646
F4_Ci-A04-3_9189_08022024_1104.tif,4424346,87.80471250571559,118960,2.3608570847939845,495542,9.834430409490423,614502,12.195287494284408,Pminus (Non-cording),0.8064123469085405,0.8831087,2.549819
C3_Ci-A04-3_9116_08022024_1017.tif,4725104,93.7734974343342,59230,1.1754670908906162,254514,5.051035474775187,313744,6.226502565665803,Pminus (Non-cording),0.8112155132846903,0.8868932,2.013116
C3_Ci-A04-3_9115_08022024_1016.tif,4337149,86.0742177577097,122753,2.4361322270487222,578946,11.489650015241578,701699,13.9257822422903,Pminus (Non-cording),0.8250631681105314,0.87863964,1.987387
C3_Ci-A04-3_9114_08022024_1015.tif,3985331,79.09210597342884,163768,3.250107961184779,889749,17.657786065386375,1053517,20.907894026571153,Pminus (Non-cording),0.8445511557952947,0.87104136,2.099805
G6_Ci-A04-3_9221_08022024_1125.tif,4267827,84.6984667924097,128977,2.5596525237514607,642044,12.741880683838847,771021,15.301533207590307,Pminus (Non-cording),0.8327192125765598,0.87648207,2.155631
