image,background_pixels,background_percent,phigh_pixels,phigh_percent,pminus_pixels,pminus_percent,total_bacteria_pixels,bacteria_percent,dominant_phenotype,phenotype_confidence,mean_confidence,processing_time_seconds
E4_Ci-A04-5_9165_08022024_1050.tif,4578156,90.8571959304984,66646,1.3226435883757557,394046,7.8201604811258445,460692,9.1428040695016,Pminus (Non-cording),0.8553350177558791,0.88284594,2.470648
D3_Ci-A04-5_9140_08022024_1034.tif,4973571,98.70452532007316,60078,1.192296334400244,5199,0.10317834552659656,65277,1.2954746799268406,Phigh (Cording),0.920354795716574,0.8995174,2.640269
D3_Ci-A04-5_9139_08022024_1033.tif,4590836,91.1088407509018,109392,2.17097241274196,338620,6.720186836356247,448012,8.891159249098207,Pminus (Non-cording),0.7558279688936734,0.88971835,1.966433
H6_Ci-A04-5_9244_08022024_1140.tif,4640194,92.08839004470863,55120,1.0939008281257938,343534,6.817709127165575,398654,7.911609955291368,Pminus (Non-cording),0.8617347373913001,0.8897788,1.974737
H6_Ci-A04-5_9243_08022024_1140.tif,4701315,93.30138555479348,37031,0.7349100429304476,300502,5.9637044022760755,337533,6.698614445206523,Pminus (Non-cording),0.8902892457922369,0.8897519,1.918035
E4_Ci-A04-5_9167_08022024_1050.tif,4406231,87.44520572956358,88222,1.7508366991820352,544395,10.803957571254381,632617,12.554794270436416,Pminus (Non-cording),0.8605443736099273,0.8749288,1.958921
E4_Ci-A04-5_9166_08022024_1050.tif,4170473,82.76639819260275,91297,1.811862552710461,777078,15.421739254686786,868375,17.233601807397246,Pminus (Non-cording),0.8948645458471179,0.8703858,2.276108
H6_Ci-A04-5_9245_08022024_1141.tif,4663616,92.553218513438,25731,0.5106524348422496,349501,6.9361290517197585,375232,7.446781486562008,Pminus (Non-cording),0.9314264241855457,0.8939045,2.865641
D3_Ci-A04-5_9138_08022024_1032.tif,4536364,90.02780000508052,115943,2.3009822880150383,386541,7.671217706904435,502484,9.972199994919473,Pminus (Non-cording),0.7692603147562754,0.8885259,2.143563
