image,background_pixels,background_percent,phigh_pixels,phigh_percent,pminus_pixels,pminus_percent,total_bacteria_pixels,bacteria_percent,dominant_phenotype,phenotype_confidence,mean_confidence,processing_time_seconds
E6_Ci-A04-1_9171_08022024_1053.tif,4430168,87.92025478839608,96854,1.9221456967941877,511826,10.157599514809734,608680,12.079745211603921,Pminus (Non-cording),0.8408786225931386,0.88203377,3.002975
H4_Ci-A04-1_9238_08022024_1137.tif,4609908,91.48733996342021,53332,1.0584165269521921,375608,7.454243509627598,428940,8.51266003657979,Pminus (Non-cording),0.8756655942555864,0.8897124,2.005339
H4_Ci-A04-1_9237_08022024_1136.tif,4395798,87.23815443529949,65168,1.2933114870700604,577882,11.468534077630443,643050,12.761845564700502,Pminus (Non-cording),0.8986579581680911,0.8821217,2.192594
A3_Ci-A04-1_9066_08022024_0942.tif,4375524,86.83580056393842,67555,1.340683426052939,595769,11.823516010008637,663324,13.164199436061576,Pminus (Non-cording),0.8981568584884476,0.87290734,2.743734
H4_Ci-A04-1_9239_08022024_1137.tif,4797852,95.21724013107759,51444,1.0209476451760402,189552,3.7618122237463805,240996,4.782759868922421,Pminus (Non-cording),0.7865358761140937,0.8910156,1.966684
E6_Ci-A04-1_9173_08022024_1054.tif,4308465,85.50496065767413,69382,1.3769417136615354,661001,13.11809762866433,730383,14.495039342325866,Pminus (Non-cording),0.9050060036994165,0.8764026,1.987263
A3_Ci-A04-1_9068_08022024_0944.tif,3989345,79.17176703881522,71436,1.4177049992379211,978067,19.41052796194686,1049503,20.828232961184778,Pminus (Non-cording),0.9319334961405452,0.8691696,1.987343
A3_Ci-A04-1_9067_08022024_0943.tif,3959578,78.58101693085405,156341,3.1027131598333586,922929,18.316269909312606,1079270,21.418983069145966,Pminus (Non-cording),0.8551419014704305,0.87295586,1.934777
E6_Ci-A04-1_9172_08022024_1053.tif,4548951,90.27759916552355,82175,1.6308291101458112,407722,8.09157172433064,489897,9.722400834476451,Pminus (Non-cording),0.8322606588731747,0.8804581,1.983143
