image,background_pixels,background_percent,phigh_pixels,phigh_percent,pminus_pixels,pminus_percent,total_bacteria_pixels,bacteria_percent,dominant_phenotype,phenotype_confidence,mean_confidence,processing_time_seconds
D7_Ci-E06-8_9150_08022024_1040.tif,4379736,86.91939109891786,51421,1.0204911916374535,607691,12.060117709444699,659112,13.080608901082153,Pminus (Non-cording),0.9219844275327878,0.8811394,1.946379
A4_Ci-E06-8_9071_08022024_0946.tif,3918529,77.76636643931312,205948,4.087204059340547,914371,18.14642950134634,1120319,22.233633560686886,Pminus (Non-cording),0.8161702158045984,0.8614227,2.519384
A4_Ci-E06-8_9070_08022024_0945.tif,3098871,61.49959276406035,294929,5.853103725295941,1645048,32.6473035106437,1939977,38.50040723593964,Pminus (Non-cording),0.8479729398853654,0.85300636,2.543929
A4_Ci-E06-8_9069_08022024_0945.tif,3900050,77.39963578976781,161839,3.211825401361581,976959,19.3885388088706,1138798,22.60036421023218,Pminus (Non-cording),0.8578861220339264,0.8665978,1.961063
H3_Ci-E06-8_9236_08022024_1135.tif,4402324,87.36766816542195,76964,1.5274126149469085,559560,11.104919219631155,636524,12.632331834578064,Pminus (Non-cording),0.8790870414941011,0.8814611,1.926412
H3_Ci-E06-8_9235_08022024_1135.tif,4249056,84.32594116750496,120404,2.3895144286948127,669388,13.284544403800233,789792,15.674058832495046,Pminus (Non-cording),0.8475497346136597,0.87454045,1.914978
H3_Ci-E06-8_9234_08022024_1134.tif,3983248,79.05076715947772,201954,4.0079399100746835,853646,16.941292930447595,1055600,20.949232840522278,Pminus (Non-cording),0.8086832133383781,0.8607148,2.064399
D7_Ci-E06-8_9152_08022024_1042.tif,3948164,78.35449690087893,159972,3.1747732815119645,930712,18.470729817609104,1090684,21.64550309912107,Pminus (Non-cording),0.853328736829358,0.87059504,2.466445
D7_Ci-E06-8_9151_08022024_1040.tif,4471286,88.73627464055276,108270,2.1487054183813443,459292,9.115019941065894,567562,11.263725359447239,Pminus (Non-cording),0.8092367001314251,0.87218356,2.7001
