image,background_pixels,background_percent,phigh_pixels,phigh_percent,pminus_pixels,pminus_percent,total_bacteria_pixels,bacteria_percent,dominant_phenotype,phenotype_confidence,mean_confidence,processing_time_seconds
C7_Ci-E06-7_9127_08022024_1026.tif,4607996,91.44939478229944,370003,7.3430077668546465,60849,1.2075974508459077,430852,8.550605217700554,Phigh (Cording),0.8587705290911761,0.88200575,2.033719
C7_Ci-E06-7_9126_08022024_1024.tif,4654810,92.3784563455774,287738,5.71039253416654,96300,1.9111511202560585,384038,7.621543654422599,Phigh (Cording),0.7492435644389162,0.8893931,2.005313
B4_Ci-E06-7_9095_08022024_1002.tif,4446825,88.2508263793629,494525,9.814247224762486,97498,1.9349263958746126,592023,11.749173620637098,Phigh (Cording),0.835313830712644,0.8788909,1.903948
B4_Ci-E06-7_9094_08022024_1001.tif,4540069,90.10132871640502,410839,8.153431101712137,87940,1.7452401818828431,498779,9.89867128359498,Phigh (Cording),0.8236894496359946,0.88137716,2.002362
B4_Ci-E06-7_9093_08022024_1001.tif,4314542,85.62556362089111,482525,9.576097552456435,241781,4.798338826652441,724306,14.374436379108875,Phigh (Cording),0.666189428225078,0.86542827,2.702511
G3_Ci-E06-7_9212_08022024_1117.tif,4911906,97.48073369151044,120016,2.3818142559569173,6926,0.1374520525326424,126942,2.5192663084895597,Phigh (Cording),0.9454396496036815,0.89646345,2.258546
G3_Ci-E06-7_9211_08022024_1117.tif,4678766,92.85388247472439,309939,6.150989273738759,50143,0.9951282515368592,360082,7.146117525275618,Phigh (Cording),0.8607456079448331,0.8842284,1.992598
G3_Ci-E06-7_9210_08022024_1116.tif,4810781,95.47382655718133,199101,3.9513198254839206,28966,0.5748536173347559,228067,4.526173442818677,Phigh (Cording),0.8729934624474004,0.8961746,2.084584
C7_Ci-E06-7_9128_08022024_1026.tif,4899329,97.23113298912767,120328,2.388006147436874,19191,0.38086086343545195,139519,2.768867010872326,Phigh (Cording),0.8624488420931298,0.8979936,1.940261
