image,background_pixels,background_percent,phigh_pixels,phigh_percent,pminus_pixels,pminus_percent,total_bacteria_pixels,bacteria_percent,dominant_phenotype,phenotype_confidence,mean_confidence,processing_time_seconds
B7_Ci-E06-2_9104_08022024_1009.tif,4918594,97.61346244220901,96253,1.9102183673728599,24001,0.4763191904181273,120254,2.3865375577909873,Phigh (Cording),0.8004141234386548,0.9025443,1.961327
B7_Ci-E06-2_9103_08022024_1008.tif,4453538,88.38405127521212,466496,9.257989127673627,118814,2.357959597114261,585310,11.615948724787888,Phigh (Cording),0.7970067143906512,0.8853531,3.1009
B7_Ci-E06-2_9102_08022024_1007.tif,4824943,95.75488286211451,185290,3.6772293984656814,28615,0.5678877394198039,213905,4.245117137885485,Phigh (Cording),0.8662256609242015,0.89625853,2.002032
F3_Ci-E06-2_9188_08022024_1104.tif,4791136,95.0839556978103,216001,4.286713947314942,31711,0.629330354874765,247712,4.9160443021897064,Phigh (Cording),0.8719844012401146,0.89588183,1.935348
F3_Ci-E06-2_9187_08022024_1103.tif,4918334,97.60830253264238,112642,2.235471282324849,7872,0.1562261850327694,120514,2.391697467357618,Phigh (Cording),0.9346797882402929,0.90078247,1.952632
C4_Ci-E06-2_9119_08022024_1019.tif,4928444,97.80894363156023,78508,1.5580545394502872,31896,0.6330018289894833,110404,2.1910563684397704,Phigh (Cording),0.7110974240063122,0.9023513,1.930389
F3_Ci-E06-2_9186_08022024_1102.tif,4412961,87.57876800411523,484830,9.621842135345222,141057,2.7993898605395517,625887,12.421231995884774,Phigh (Cording),0.7746286470241309,0.8791857,1.91992
C4_Ci-E06-2_9118_08022024_1018.tif,4469194,88.6947572143474,436422,8.661146357262613,133232,2.644096428389981,569654,11.305242785652593,Phigh (Cording),0.7661176784504143,0.8811858,2.899423
C4_Ci-E06-2_9117_08022024_1017.tif,4489301,89.09379683610223,444151,8.814534592033734,105396,2.091668571864045,549547,10.906203163897779,Phigh (Cording),0.8082129462993919,0.8833007,2.211628
