image,background_pixels,background_percent,phigh_pixels,phigh_percent,pminus_pixels,pminus_percent,total_bacteria_pixels,bacteria_percent,dominant_phenotype,phenotype_confidence,mean_confidence,processing_time_seconds
E3_Ci-E06-1_9162_08022024_1048.tif,4122829,81.82086461032362,218724,4.34075407712239,697295,13.83838131255398,916019,18.179135389676368,Pminus (Non-cording),0.7612232934032944,0.8630308,2.058366
E3_Ci-E06-1_9164_08022024_1049.tif,4606238,91.4145058553066,102153,2.027308622923335,330457,6.558185521770056,432610,8.585494144693392,Pminus (Non-cording),0.7638681491412412,0.8852071,1.988347
D4_Ci-E06-1_9143_08022024_1035.tif,4831250,95.88005036071738,37251,0.7392761202560585,170347,3.380673519026571,207598,4.11994963928263,Pminus (Non-cording),0.8205618551238055,0.8935853,1.928355
A7_Ci-E06-1_9080_08022024_0952.tif,4091937,81.20778797058375,180573,3.583616731443377,766338,15.20859529797287,946911,18.79221202941625,Pminus (Non-cording),0.8093030918428362,0.8684353,2.152712
E3_Ci-E06-1_9163_08022024_1049.tif,4344519,86.22048134811766,111396,2.2107434080170707,582933,11.568775243865264,694329,13.779518651882334,Pminus (Non-cording),0.8395630889678979,0.8738507,2.919624
A7_Ci-E06-1_9078_08022024_0951.tif,4449581,88.3055214207692,52574,1.04337340598486,536693,10.651105173245949,589267,11.69447857923081,Pminus (Non-cording),0.9107806817622417,0.88476026,2.022198
A7_Ci-E06-1_9079_08022024_0952.tif,3816616,75.74382080983591,184242,3.6564309937509525,1037990,20.59974819641315,1222232,24.2561791901641,Pminus (Non-cording),0.8492577513925273,0.87165946,1.966739
D4_Ci-E06-1_9142_08022024_1035.tif,4384940,87.02266867347457,92651,1.8387337740689937,561257,11.138597552456435,653908,12.977331326525428,Pminus (Non-cording),0.8583118726181533,0.8739066,1.950984
D4_Ci-E06-1_9141_08022024_1034.tif,3750912,74.43987197073618,298622,5.926394286948128,989314,19.633733742315705,1287936,25.560128029263833,Pminus (Non-cording),0.768139100079501,0.85528636,1.895746
