image,background_pixels,background_percent,phigh_pixels,phigh_percent,pminus_pixels,pminus_percent,total_bacteria_pixels,bacteria_percent,dominant_phenotype,phenotype_confidence,mean_confidence,processing_time_seconds
E5_Ci-NT-4_9170_08022024_1052.tif,4664488,92.57052405629224,60920,1.2090065030737185,313440,6.22046944063405,374360,7.429475943707768,Pminus (Non-cording),0.8372689389891859,0.8926457,2.000415
E5_Ci-NT-4_9169_08022024_1051.tif,4858892,96.42862813087436,50421,1.0006453856119493,129535,2.570726483513692,179956,3.571371869125641,Pminus (Non-cording),0.7198148436284024,0.8966354,1.973381
E5_Ci-NT-4_9168_08022024_1051.tif,4343853,86.20726404130468,119826,2.378043552812071,575169,11.41469240588325,694995,13.79273595869532,Pminus (Non-cording),0.8275872488291164,0.86944735,2.279979
D2_Ci-NT-4_9137_08022024_1032.tif,4630020,91.88647881420515,38700,0.7680326931870142,370128,7.345488492607834,408828,8.113521185794848,Pminus (Non-cording),0.9053391646364509,0.89386314,2.747566
D2_Ci-NT-4_9136_08022024_1031.tif,4735373,93.9772940164101,61813,1.2267288078544938,241662,4.795977175735406,303475,6.0227059835899,Pminus (Non-cording),0.796316006260786,0.89484024,1.991973
D2_Ci-NT-4_9135_08022024_1031.tif,4533896,89.97882055580958,90629,1.7986055542854238,414323,8.222573889904993,504952,10.021179444190416,Pminus (Non-cording),0.8205195741377236,0.8813536,1.999743
H7_Ci-NT-4_9248_08022024_1142.tif,4795128,95.1631801554641,27181,0.5394288535792308,216539,4.2973909909566625,243720,4.836819844535893,Pminus (Non-cording),0.8884744789101884,0.8981333,2.033065
H7_Ci-NT-4_9247_08022024_1142.tif,4187774,83.10975048265,119552,2.372605801961083,731522,14.517643715388914,851074,16.890249517349996,Pminus (Non-cording),0.8595280786394501,0.8743604,1.947297
H7_Ci-NT-4_9246_08022024_1141.tif,4529038,89.88240963013769,59023,1.1713590090433368,450787,8.946231360818981,509810,10.117590369862318,Pminus (Non-cording),0.8842254957729176,0.8857338,2.164882
