image,background_pixels,background_percent,phigh_pixels,phigh_percent,pminus_pixels,pminus_percent,total_bacteria_pixels,bacteria_percent,dominant_phenotype,phenotype_confidence,mean_confidence,processing_time_seconds
G7_Ci-NT-3_9224_08022024_1127.tif,4784352,94.94932174973327,216091,4.288500069857237,38405,0.7621781804094905,254496,5.050678250266728,Phigh (Cording),0.8490938953853557,0.8904884,2.373029
G7_Ci-NT-3_9223_08022024_1126.tif,4554948,90.39661446425849,386936,7.679056800284509,96964,1.9243287354569933,483900,9.603385535741502,Phigh (Cording),0.7996197561479479,0.88212585,1.952571
G7_Ci-NT-3_9222_08022024_1126.tif,4795187,95.16435105801962,197971,3.9288940646751,45690,0.9067548773052889,243661,4.835648941980389,Phigh (Cording),0.8124853792769129,0.8955935,1.945545
F5_Ci-NT-3_9194_08022024_1107.tif,4712149,93.5163950172738,303340,6.020026799776456,23359,0.4635781829497536,326699,6.483604982726209,Phigh (Cording),0.9284999341901589,0.8857232,1.960483
F5_Ci-NT-3_9193_08022024_1106.tif,4520878,89.72046785296956,444733,8.826084851140578,73237,1.453447295889854,517970,10.279532147030432,Phigh (Cording),0.8586076413691747,0.8836027,1.970565
F5_Ci-NT-3_9192_08022024_1106.tif,4789735,95.05615172356856,217238,4.311263209368491,31875,0.6325850670629477,249113,4.943848276431439,Phigh (Cording),0.8720460192763576,0.8952076,2.586516
C2_Ci-NT-3_9113_08022024_1015.tif,4939682,98.03197079967485,82141,1.6301543527409441,17025,0.3378748475842097,99166,1.9680292003251538,Phigh (Cording),0.8283181735674698,0.9028178,2.562696
C2_Ci-NT-3_9112_08022024_1014.tif,4550506,90.3084593938932,438015,8.692760726261241,50327,0.9987798798455519,488342,9.691540606106793,Phigh (Cording),0.8969431259240267,0.8766643,2.059504
C2_Ci-NT-3_9111_08022024_1013.tif,4610856,91.50615378753238,350036,6.946746557943404,77956,1.5470996545242086,427992,8.493846212467613,Phigh (Cording),0.8178564085309814,0.8888364,1.950635
