image,background_pixels,background_percent,phigh_pixels,phigh_percent,pminus_pixels,pminus_percent,total_bacteria_pixels,bacteria_percent,dominant_phenotype,phenotype_confidence,mean_confidence,processing_time_seconds
A2_Ci-NT-1_9065_08022024_0941.tif,4178632,82.92832012396484,701171,13.915303656708836,159045,3.156376219326322,860216,17.07167987603516,Phigh (Cording),0.8151103908785605,0.87146854,1.976186
A2_Ci-NT-1_9064_08022024_0941.tif,3891016,77.22034877813341,963191,19.115301751511456,184641,3.6643494703551287,1147832,22.779651221866587,Phigh (Cording),0.839139351403334,0.85179937,2.118323
A2_Ci-NT-1_9063_08022024_0940.tif,4484568,88.99986663618351,391710,7.773800678250267,162570,3.2263326855662244,554280,11.000133363816492,Phigh (Cording),0.7067005845420959,0.8814369,2.033858
H5_Ci-NT-1_9242_08022024_1139.tif,4560343,90.5036825877661,375745,7.4569623850530915,102760,2.039355027180816,478505,9.496317412233907,Phigh (Cording),0.7852478030532432,0.88533014,1.96269
H5_Ci-NT-1_9241_08022024_1139.tif,4687925,93.03565021211197,261785,5.195334330386628,89138,1.769015457501397,350923,6.964349787888025,Phigh (Cording),0.7459898610236221,0.89002454,2.322705
H5_Ci-NT-1_9240_08022024_1138.tif,4828783,95.83109075725244,168370,3.3414383605141493,41695,0.8274708822333993,210065,4.1689092427475485,Phigh (Cording),0.8015138171517957,0.8969569,2.658896
E7_Ci-NT-1_9176_08022024_1056.tif,4820743,95.6715304768074,182896,3.629718538840624,35209,0.6987509843519789,218105,4.328469523192603,Phigh (Cording),0.8385685793539424,0.8955819,1.931827
E7_Ci-NT-1_9175_08022024_1055.tif,4362560,86.5785195346238,603658,11.98007957374384,72630,1.441400891632373,676288,13.421480465376213,Phigh (Cording),0.8926049257121095,0.8716063,1.959892
E7_Ci-NT-1_9174_08022024_1054.tif,4515812,89.61992899964436,437621,8.684941478687191,85415,1.695129521668445,523036,10.380071000355636,Phigh (Cording),0.836693841341689,0.88020295,1.90635
