image,background_pixels,background_percent,phigh_pixels,phigh_percent,pminus_pixels,pminus_percent,total_bacteria_pixels,bacteria_percent,dominant_phenotype,phenotype_confidence,mean_confidence,processing_time_seconds
D6_Ci-U17-4_9148_08022024_1038.tif,4578782,90.86961940507037,93907,1.8636601064370268,366159,7.2667204884926075,460066,9.130380594929635,Pminus (Non-cording),0.7958836340872658,0.88336986,2.525436
D6_Ci-U17-4_9147_08022024_1038.tif,4201285,83.37788716786059,203803,4.044634805415841,633760,12.577478026723568,837563,16.622112832139408,Pminus (Non-cording),0.7566714384470092,0.8636129,2.50566
A5_Ci-U17-4_9074_08022024_0949.tif,3161802,62.74850918305136,268271,5.324054228268048,1608775,31.927436588680585,1877046,37.25149081694863,Pminus (Non-cording),0.8570780897218243,0.85173875,2.089372
A5_Ci-U17-4_9073_08022024_0948.tif,4892034,97.08635783417162,66463,1.3190118058730884,80351,1.5946303599552913,146814,2.9136421658283798,Pminus (Non-cording),0.5472979416131604,0.8948501,1.99995
A5_Ci-U17-4_9072_08022024_0947.tif,4168379,82.72484107478535,113836,2.259167174719301,756633,15.015991750495349,870469,17.27515892521465,Pminus (Non-cording),0.8692245214935757,0.87309015,1.927128
H2_Ci-U17-4_9233_08022024_1134.tif,4452992,88.37321546512219,169250,3.358902669816593,416606,8.26788186506122,585856,11.626784534877814,Pminus (Non-cording),0.7111064835044668,0.8653467,1.956288
H2_Ci-U17-4_9232_08022024_1133.tif,4714769,93.56839102906062,30959,0.6144063087435858,293120,5.817202662195804,324079,6.43160897093939,Pminus (Non-cording),0.9044708234720267,0.88875085,2.463932
H2_Ci-U17-4_9231_08022024_1132.tif,3992908,79.24247764568409,211880,4.204929380683839,834060,16.55259297363207,1045940,20.75752235431591,Pminus (Non-cording),0.7974262385987647,0.8644827,2.631974
D6_Ci-U17-4_9149_08022024_1039.tif,4601470,91.31988105217701,164350,3.2616582202916224,273028,5.4184607275313725,437378,8.680118947822995,Pminus (Non-cording),0.6242380732455536,0.87392914,2.026438
