image,background_pixels,background_percent,phigh_pixels,phigh_percent,pminus_pixels,pminus_percent,total_bacteria_pixels,bacteria_percent,dominant_phenotype,phenotype_confidence,mean_confidence,processing_time_seconds
C5_Ci-U17-2_9122_08022024_1021.tif,4460032,88.51292993954173,484857,9.62237797210791,93959,1.864692088350353,578816,11.487070060458263,Phigh (Cording),0.8376703477443465,0.87744194,2.792438
C5_Ci-U17-2_9121_08022024_1020.tif,4533876,89.97842363968907,385799,7.65649211883351,119173,2.365084241477417,504972,10.021576360310927,Phigh (Cording),0.7640007762806499,0.8836412,2.122786
C5_Ci-U17-2_9120_08022024_1020.tif,4616634,91.62082285474776,299978,5.953305199918712,122236,2.4258719453335367,422214,8.37917714525225,Phigh (Cording),0.7104880463461488,0.8884911,1.999232
B6_Ci-U17-2_9101_08022024_1006.tif,4657931,92.440395106183,247508,4.911995757760504,133409,2.6476091360564955,380917,7.559604893816999,Phigh (Cording),0.6497688472816742,0.88629913,1.986118
B6_Ci-U17-2_9100_08022024_1005.tif,4539697,90.09394607656354,432039,8.574162189452828,67112,1.3318917339836407,499151,9.906053923436469,Phigh (Cording),0.8655476999945735,0.8775266,1.96254
B6_Ci-U17-2_9099_08022024_1004.tif,4633878,91.96304393385155,279227,5.541484879083473,125743,2.49547118706498,404970,8.036956066148454,Phigh (Cording),0.6895004568239452,0.88509697,1.954895
F2_Ci-U17-2_9185_08022024_1102.tif,4462743,88.56673191967688,462898,9.186583917593863,113207,2.2466841627292586,576105,11.43326808032312,Phigh (Cording),0.803495890506057,0.8811546,2.963073
F2_Ci-U17-2_9184_08022024_1101.tif,4828808,95.83158690240309,187175,3.7146387428237566,22865,0.45377435477315453,210040,4.168413097596911,Phigh (Cording),0.8911397828984531,0.8936251,2.083571
F2_Ci-U17-2_9183_08022024_1100.tif,4866057,96.5708233310471,128632,2.5528057206726618,44159,0.8763709482802418,172791,3.4291766689529037,Phigh (Cording),0.7444369209044022,0.8999273,1.968063
