image,background_pixels,background_percent,phigh_pixels,phigh_percent,pminus_pixels,pminus_percent,total_bacteria_pixels,bacteria_percent,dominant_phenotype,phenotype_confidence,mean_confidence,processing_time_seconds
B5_Ci-U17-3_9096_08022024_1002.tif,4171609,82.78894302824773,172379,3.4210001968703962,694860,13.79005677488188,867239,17.211056971752274,Pminus (Non-cording),0.801232416900061,0.8735263,1.960316
G2_Ci-U17-3_9207_08022024_1114.tif,4886577,96.97805927069044,146185,2.9011591538383374,6086,0.12078157547121883,152271,3.021940729309556,Phigh (Cording),0.9600317854351149,0.88796514,2.009721
C6_Ci-U17-3_9125_08022024_1024.tif,4555136,90.40034547579128,107031,2.1241164647157444,376681,7.475538059492963,483712,9.599654524208708,Pminus (Non-cording),0.7787299053982374,0.8751494,1.967053
C6_Ci-U17-3_9124_08022024_1023.tif,4316783,85.67003807219427,151389,3.0044367283950617,570676,11.32552519941066,722065,14.329961927805721,Pminus (Non-cording),0.7903388199123238,0.8775648,2.703274
C6_Ci-U17-3_9123_08022024_1023.tif,4402245,87.36610034674592,150428,2.985364908804552,486175,9.648534744449524,636603,12.633899653254076,Pminus (Non-cording),0.7637020246527151,0.867702,2.296837
B5_Ci-U17-3_9098_08022024_1003.tif,3945582,78.30325502972107,152263,3.0217819628613527,941003,18.67496300741757,1093266,21.696744970278925,Pminus (Non-cording),0.8607264837651508,0.86185086,1.911363
B5_Ci-U17-3_9097_08022024_1003.tif,4486424,89.03670045216684,65555,1.3009918140019305,486869,9.662307733831225,552424,10.963299547833156,Pminus (Non-cording),0.8813320927403429,0.87692565,1.9467
G2_Ci-U17-3_9209_08022024_1115.tif,4999772,99.2245052837474,25905,0.5141056050906874,13171,0.2613891111619164,39076,0.7754947162526038,Phigh (Cording),0.6629388883200269,0.9048053,1.944114
G2_Ci-U17-3_9208_08022024_1114.tif,4944643,98.13042584336738,37578,0.7457656988263984,56627,1.1238084578062288,94205,1.8695741566326274,Pminus (Non-cording),0.6011039753727933,0.90161014,1.955576
